Nombre;Motor;Año;Kilometraje;Cero_km;Accesorios;Valor
Jetta Variant;Motor 4.0 Turbo;2003;44410;FALSE;['Llantas de aleación', 'Cerraduras eléctricas', 'Piloto automático', 'Bancos de cuero', 'Aire acondicionado', 'Sensor de estacionamiento', 'Sensor crepuscular', 'Sensor de lluvia'];17615.73
Passat;Motor Diesel;1991;5712;FALSE;['Pantalla multimedia', 'Techo panorámico', 'Frenos ABS', '4 X 4', 'Tablero digital', 'Piloto automático', 'Bancos de cuero', 'Cámara de estacionamiento'];21232.39
Crossfox;Motor Diesel V8;1990;37123;FALSE;['Piloto automático', 'Control de estabilidad', 'Sensor crepuscular', 'Frenos ABS', 'Cambio automático', 'Bancos de cuero', 'Pantalla multimedia', 'Vidrios eléctricos'];14566.43
DS5;Motor 2.4 Turbo;2020;;TRUE;['Cerraduras eléctricas', '4 X 4', 'Vidrios eléctricos', 'Sensor crepuscular', 'Sensor de lluvia', 'Cámara de estacionamiento', 'Aire acondicionado', 'Llantas de aleación'];24909.81
Aston Martin DB4;Motor 2.4 Turbo;2006;25757;FALSE;['Llantas de aleación', '4 X 4', 'Pantalla multimedia', 'Aire acondicionado', 'Control de estabilidad', 'Cambio automático', 'Sensor de estacionamiento', 'Piloto automático'];18522.42
Palio Weekend;Motor 1.8 16v;2012;10728;FALSE;['Sensor de estacionamiento', 'Techo panorámico', 'Sensor crepuscular', 'Tablero digital', 'Aire acondicionado', 'Llantas de aleación', 'Control de estabilidad', 'Bancos de cuero'];19499.55
A5;Motor 4.0 Turbo;2020;;TRUE;['Cambio automático', 'Cámara de estacionamiento', 'Frenos ABS', 'Control de tracción', 'Pantalla multimedia', 'Cerraduras eléctricas', 'Sensor crepuscular', 'Llantas de aleación'];11289.04
Serie 3 Cabrio;Motor 1.0 8v;2009;77599;FALSE;['Control de estabilidad', 'Sensor crepuscular', 'Control de tracción', 'Techo panorámico', 'Cerraduras eléctricas', 'Piloto automático', 'Tablero digital', 'Cámara de estacionamiento'];22462.09
Dodge Jorney;Motor 3.0 32v;2010;99197;FALSE;['Vidrios eléctricos', 'Piloto automático', 'Techo panorámico', 'Aire acondicionado', 'Bancos de cuero', 'Cambio automático', 'Llantas de aleación', 'Cerraduras eléctricas'];24143.25
Carens;Motor 5.0 V8 Bi-Turbo;2011;37978;FALSE;['Aire acondicionado', 'Tablero digital', 'Pantalla multimedia', 'Sensor crepuscular', 'Cambio automático', 'Llantas de aleación', 'Control de tracción', 'Cámara de estacionamiento'];15313.30
Ford Edge;Motor Diesel V6;2002;12859;FALSE;['Sensor crepuscular', 'Llantas de aleación', 'Techo panorámico', 'Sensor de lluvia', 'Cerraduras eléctricas', 'Sensor de estacionamiento', 'Control de tracción', 'Aire acondicionado'];14329.52
Courier;Motor Diesel V8;2007;8052;FALSE;['Pantalla multimedia', '4 X 4', 'Piloto automático', 'Techo panorámico', 'Control de estabilidad', 'Cámara de estacionamiento', 'Bancos de cuero', 'Vidrios eléctricos'];14783.91
S-18;Motor V6;2001;89773;FALSE;['Bancos de cuero', 'Sensor de lluvia', 'Llantas de aleación', 'Pantalla multimedia', 'Cerraduras eléctricas', 'Aire acondicionado', 'Cámara de estacionamiento', 'Sensor crepuscular'];22546.60
J5;Motor V6;2019;25608;FALSE;['Sensor crepuscular', 'Tablero digital', 'Llantas de aleación', 'Frenos ABS', 'Cambio automático', 'Control de tracción', 'Pantalla multimedia', 'Cámara de estacionamiento'];10636.68
F-Type Coupé;Motor 5.0 V8 Bi-Turbo;2009;41457;FALSE;['Piloto automático', 'Sensor crepuscular', 'Sensor de lluvia', 'Aire acondicionado', 'Sensor de estacionamiento', 'Control de tracción', 'Cámara de estacionamiento', 'Vidrios eléctricos'];25497.68
RAM;Motor Diesel V8;2016;115607;FALSE;['Sensor crepuscular', 'Cambio automático', 'Sensor de lluvia', 'Pantalla multimedia', 'Control de estabilidad', '4 X 4', 'Frenos ABS', 'Piloto automático'];11982.08
Serie 1;Motor 3.0 32v;2012;46449;FALSE;['Techo panorámico', 'Cámara de estacionamiento', 'Cerraduras eléctricas', '4 X 4', 'Tablero digital', 'Pantalla multimedia', 'Llantas de aleación', 'Frenos ABS'];12223.72
A3;Motor 1.0 8v;2020;;TRUE;['4 X 4', 'Piloto automático', 'Pantalla multimedia', 'Techo panorámico', 'Sensor de estacionamiento', 'Control de tracción', 'Control de estabilidad', 'Sensor de lluvia'];17710.48
XC90;Motor 1.0 8v;2016;37086;FALSE;['Cerraduras eléctricas', 'Vidrios eléctricos', 'Techo panorámico', 'Pantalla multimedia', 'Control de estabilidad', '4 X 4', 'Cambio automático', 'Sensor de lluvia'];12539.34
RS 3 Sportback;Motor 3.0 32v;2017;15173;FALSE;['4 X 4', 'Piloto automático', 'Pantalla multimedia', 'Bancos de cuero', 'Sensor de lluvia', 'Llantas de aleación', 'Aire acondicionado', 'Sensor crepuscular'];20345.26
Pajero Sport;Motor 1.0 8v;2002;101193;FALSE;['Sensor de estacionamiento', 'Piloto automático', 'Cambio automático', 'Tablero digital', 'Frenos ABS', 'Cámara de estacionamiento', 'Llantas de aleación', 'Control de estabilidad'];21229.48
Serie 1 M;Motor V8;2020;;TRUE;['Control de estabilidad', 'Pantalla multimedia', 'Tablero digital', 'Sensor crepuscular', 'Sensor de lluvia', 'Cámara de estacionamiento', 'Aire acondicionado', 'Frenos ABS'];18912.88
Lamborghini Obvious;Motor Diesel V6;1994;98079;FALSE;['Llantas de aleación', 'Cambio automático', 'Cerraduras eléctricas', 'Techo panorámico', 'Control de estabilidad', 'Pantalla multimedia', 'Sensor de estacionamiento', 'Sensor crepuscular'];26705.97
Effa Hafei Picape Baú;Motor Diesel;1991;102959;FALSE;['Control de estabilidad', 'Tablero digital', 'Vidrios eléctricos', '4 X 4', 'Sensor crepuscular', 'Aire acondicionado', 'Cerraduras eléctricas', 'Pantalla multimedia'];25136.93
Lamborghini Murciélago;Motor 5.0 V8 Bi-Turbo;2020;;TRUE;['Frenos ABS', 'Cambio automático', 'Aire acondicionado', 'Cámara de estacionamiento', 'Control de tracción', 'Pantalla multimedia', 'Sensor crepuscular', 'Control de estabilidad'];24319.24
Up!;Motor Diesel V6;2020;;TRUE;['Sensor de estacionamiento', 'Vidrios eléctricos', 'Frenos ABS', 'Pantalla multimedia', 'Control de estabilidad', 'Sensor de lluvia', 'Cambio automático', 'Piloto automático'];-999999.00
Fiesta Rocam Sedan;Motor 4.0 Turbo;2016;5795;FALSE;['Aire acondicionado', 'Bancos de cuero', 'Cambio automático', 'Cámara de estacionamiento', 'Piloto automático', 'Control de estabilidad', 'Sensor de lluvia', 'Vidrios eléctricos'];19069.55
Sandero Stepway;Motor 3.0 32v;2019;14780;FALSE;['Frenos ABS', 'Aire acondicionado', 'Techo panorámico', 'Tablero digital', 'Sensor de estacionamiento', 'Vidrios eléctricos', 'Sensor crepuscular', 'Piloto automático'];21086.57
Cayman S;Motor 3.0 32v;2002;58848;FALSE;['Cambio automático', 'Sensor de estacionamiento', 'Llantas de aleación', 'Vidrios eléctricos', '4 X 4', 'Bancos de cuero', 'Tablero digital', 'Cerraduras eléctricas'];11409.05
V40;Motor 4.0 Turbo;1991;94381;FALSE;['Cámara de estacionamiento', 'Sensor de estacionamiento', 'Llantas de aleación', 'Control de tracción', 'Frenos ABS', 'Cambio automático', 'Bancos de cuero', 'Sensor de lluvia'];24086.54
Clase SLS AMG;Motor 1.0 8v;1997;30163;FALSE;['Sensor de estacionamiento', 'Control de estabilidad', 'Sensor de lluvia', 'Cerraduras eléctricas', 'Tablero digital', 'Sensor crepuscular', 'Piloto automático', 'Bancos de cuero'];14141.44
Gol G4;Motor 2.0 16v;1995;53332;FALSE;['Sensor crepuscular', '4 X 4', 'Vidrios eléctricos', 'Control de tracción', 'Aire acondicionado', 'Cámara de estacionamiento', 'Tablero digital', 'Frenos ABS'];13821.04
Linea;Motor 1.0 8v;2018;17720;FALSE;['Piloto automático', 'Tablero digital', 'Vidrios eléctricos', 'Control de tracción', 'Techo panorámico', 'Aire acondicionado', 'Cámara de estacionamiento', 'Llantas de aleación'];11871.74
Ford F100;Motor 2.0 16v;1991;33808;FALSE;['Control de tracción', 'Sensor crepuscular', 'Cerraduras eléctricas', 'Bancos de cuero', 'Cámara de estacionamiento', 'Llantas de aleación', 'Pantalla multimedia', '4 X 4'];13191.08
J2;Motor V8;2014;90684;FALSE;['Techo panorámico', 'Sensor de estacionamiento', 'Bancos de cuero', 'Vidrios eléctricos', 'Frenos ABS', 'Llantas de aleación', 'Cerraduras eléctricas', 'Cambio automático'];12003.41
Aston Martin DBS;Motor V8;1995;43975;FALSE;['Techo panorámico', 'Piloto automático', 'Aire acondicionado', 'Vidrios eléctricos', 'Bancos de cuero', 'Cerraduras eléctricas', 'Sensor de lluvia', 'Sensor crepuscular'];23781.90
Pajero TR4;Motor 2.4 Turbo;2020;;TRUE;['Control de tracción', 'Bancos de cuero', 'Cámara de estacionamiento', 'Control de estabilidad', 'Vidrios eléctricos', 'Piloto automático', 'Llantas de aleación', 'Techo panorámico'];10321.32
Polo Sedan;Motor V6;2020;;TRUE;['Sensor de lluvia', 'Sensor crepuscular', 'Aire acondicionado', 'Sensor de estacionamiento', 'Techo panorámico', 'Cambio automático', 'Vidrios eléctricos', 'Cerraduras eléctricas'];24656.37
California;Motor 1.0 8v;2009;5526;FALSE;['Llantas de aleación', 'Aire acondicionado', 'Cámara de estacionamiento', 'Tablero digital', 'Cerraduras eléctricas', 'Sensor crepuscular', 'Pantalla multimedia', 'Frenos ABS'];13954.04
S60;Motor 2.4 Turbo;2020;;TRUE;['Techo panorámico', 'Frenos ABS', '4 X 4', 'Aire acondicionado', 'Control de tracción', 'Pantalla multimedia', 'Tablero digital', 'Sensor crepuscular'];20521.91
Tucson;Motor 2.0 16v;2013;93415;FALSE;['Vidrios eléctricos', 'Sensor crepuscular', 'Frenos ABS', 'Cámara de estacionamiento', 'Piloto automático', 'Cerraduras eléctricas', 'Cambio automático', '4 X 4'];13599.44
HB20;Motor V6;2003;40762;FALSE;['Sensor de lluvia', 'Cerraduras eléctricas', 'Control de tracción', 'Frenos ABS', 'Aire acondicionado', 'Techo panorámico', 'Vidrios eléctricos', 'Cambio automático'];27047.06
Optima;Motor 1.8 16v;2020;;TRUE;['Pantalla multimedia', 'Aire acondicionado', 'Techo panorámico', 'Frenos ABS', 'Tablero digital', 'Control de estabilidad', '4 X 4', 'Sensor de estacionamiento'];17328.27
Logan;Motor 4.0 Turbo;2002;86302;FALSE;['Cámara de estacionamiento', 'Vidrios eléctricos', 'Pantalla multimedia', 'Sensor de lluvia', 'Sensor crepuscular', 'Tablero digital', 'Aire acondicionado', 'Bancos de cuero'];27363.68
Range Rover Vogue;Motor 1.0 8v;2020;;TRUE;['4 X 4', 'Vidrios eléctricos', 'Llantas de aleación', 'Pantalla multimedia', 'Cámara de estacionamiento', 'Sensor de estacionamiento', 'Piloto automático', 'Aire acondicionado'];23525.35
Sonata;Motor 5.0 V8 Bi-Turbo;2002;9755;FALSE;['Piloto automático', 'Aire acondicionado', 'Vidrios eléctricos', '4 X 4', 'Sensor de estacionamiento', 'Bancos de cuero', 'Cerraduras eléctricas', 'Control de estabilidad'];11241.74
Ford New Fiesta Sedan;Motor 3.0 32v;2004;69945;FALSE;['Techo panorámico', 'Tablero digital', 'Aire acondicionado', 'Pantalla multimedia', '4 X 4', 'Control de estabilidad', 'Cambio automático', 'Sensor de lluvia'];16844.53
Serie 5 Gran Turismo;Motor 4.0 Turbo;2001;2395;FALSE;['Control de tracción', 'Piloto automático', 'Aire acondicionado', 'Bancos de cuero', 'Frenos ABS', 'Pantalla multimedia', 'Sensor de lluvia', '4 X 4'];18156.33
CR-V;Motor Diesel V8;2020;;TRUE;['Cambio automático', 'Pantalla multimedia', 'Vidrios eléctricos', 'Control de estabilidad', 'Control de tracción', 'Bancos de cuero', 'Frenos ABS', 'Tablero digital'];12940.22
Ford EcoSport;Motor 1.0 8v;2003;80349;FALSE;['Vidrios eléctricos', 'Piloto automático', 'Tablero digital', 'Frenos ABS', 'Bancos de cuero', 'Techo panorámico', 'Sensor de lluvia', 'Llantas de aleación'];25270.10
Versa;Motor 3.0 32v;2009;85554;FALSE;['Bancos de cuero', 'Aire acondicionado', 'Llantas de aleación', 'Sensor crepuscular', 'Cerraduras eléctricas', 'Sensor de estacionamiento', 'Piloto automático', 'Control de estabilidad'];29630.58
Clase E;Motor 1.0 8v;2006;50496;FALSE;['Frenos ABS', 'Sensor de estacionamiento', 'Pantalla multimedia', 'Cámara de estacionamiento', 'Aire acondicionado', 'Techo panorámico', 'Cambio automático', 'Piloto automático'];26459.77
Carnival;Motor V8;2000;67716;FALSE;['Cerraduras eléctricas', 'Cambio automático', 'Cámara de estacionamiento', 'Frenos ABS', 'Pantalla multimedia', 'Llantas de aleación', 'Techo panorámico', 'Control de estabilidad'];27525.53
Aston Martin V8 Vantage Roadster;Motor 2.4 Turbo;2006;93947;FALSE;['Cambio automático', 'Cámara de estacionamiento', 'Vidrios eléctricos', 'Control de estabilidad', 'Pantalla multimedia', 'Piloto automático', 'Sensor crepuscular', 'Cerraduras eléctricas'];16084.54
Hoggar;Motor 5.0 V8 Bi-Turbo;2010;35345;FALSE;['Control de estabilidad', 'Bancos de cuero', 'Sensor de lluvia', 'Tablero digital', 'Vidrios eléctricos', 'Frenos ABS', 'Control de tracción', 'Aire acondicionado'];11274.80
A1;Motor 5.0 V8 Bi-Turbo;1994;81007;FALSE;['Tablero digital', 'Cambio automático', 'Cámara de estacionamiento', 'Frenos ABS', 'Control de estabilidad', 'Sensor crepuscular', '4 X 4', 'Aire acondicionado'];14169.21
Aston Martin DB7 Vantage;Motor V6;2007;119513;FALSE;['Sensor crepuscular', 'Piloto automático', 'Techo panorámico', 'Frenos ABS', 'Cambio automático', 'Pantalla multimedia', 'Vidrios eléctricos', 'Sensor de estacionamiento'];25738.85
CLA;Motor 1.0 8v;2020;;TRUE;['Pantalla multimedia', 'Sensor de lluvia', 'Control de estabilidad', 'Sensor crepuscular', 'Llantas de aleación', 'Piloto automático', '4 X 4', 'Vidrios eléctricos'];26665.84
Accord;Motor V8;2020;;TRUE;['Sensor de estacionamiento', 'Aire acondicionado', 'Pantalla multimedia', 'Control de tracción', 'Llantas de aleación', 'Techo panorámico', 'Sensor de lluvia', 'Cámara de estacionamiento'];26392.29
EXTRA 103EX;Motor 2.0 16v;2019;13250;FALSE;['Sensor de estacionamiento', 'Pantalla multimedia', 'Bancos de cuero', 'Sensor crepuscular', 'Techo panorámico', 'Control de tracción', 'Piloto automático', 'Sensor de lluvia'];22406.65
Sorento;Motor Diesel;2020;;TRUE;['Sensor de lluvia', 'Cámara de estacionamiento', 'Sensor de estacionamiento', 'Control de estabilidad', 'Llantas de aleación', 'Cerraduras eléctricas', 'Vidrios eléctricos', 'Control de tracción'];16279.87
Tiggo;Motor 3.0 32v;2020;;TRUE;['Cámara de estacionamiento', 'Frenos ABS', 'Piloto automático', 'Vidrios eléctricos', 'Cambio automático', 'Sensor crepuscular', 'Sensor de estacionamiento', 'Control de tracción'];19432.62
New Fiesta Hatch;Motor Diesel;2017;118895;FALSE;['Sensor de estacionamiento', 'Cerraduras eléctricas', 'Piloto automático', 'Llantas de aleación', 'Control de tracción', 'Aire acondicionado', '4 X 4', 'Sensor crepuscular'];13201.43
Jeep Renegade;Motor 5.0 V8 Bi-Turbo;2011;48509;FALSE;['Vidrios eléctricos', 'Techo panorámico', 'Bancos de cuero', 'Cerraduras eléctricas', 'Sensor de lluvia', 'Control de tracción', 'Frenos ABS', 'Pantalla multimedia'];25755.24
Lamborghini Ankonian;Motor 2.0 16v;2001;100912;FALSE;['Bancos de cuero', 'Cámara de estacionamiento', 'Pantalla multimedia', '4 X 4', 'Sensor de lluvia', 'Aire acondicionado', 'Llantas de aleación', 'Sensor crepuscular'];28524.60
Space Cross;Motor 5.0 V8 Bi-Turbo;1996;95649;FALSE;['Techo panorámico', 'Vidrios eléctricos', 'Sensor de lluvia', 'Cerraduras eléctricas', 'Llantas de aleación', 'Sensor crepuscular', 'Frenos ABS', 'Aire acondicionado'];27386.03
Touareg;Motor V8;2020;;TRUE;['Control de estabilidad', 'Piloto automático', 'Sensor crepuscular', 'Cerraduras eléctricas', 'Cámara de estacionamiento', 'Llantas de aleación', 'Tablero digital', 'Techo panorámico'];13305.32
Clase M;Motor 1.0 8v;1994;90495;FALSE;['Pantalla multimedia', 'Bancos de cuero', 'Llantas de aleación', '4 X 4', 'Vidrios eléctricos', 'Cambio automático', 'Aire acondicionado', 'Control de estabilidad'];22830.97
Lancer Evolution X;Motor Diesel V6;2020;;TRUE;['Vidrios eléctricos', 'Cambio automático', 'Control de tracción', 'Cerraduras eléctricas', 'Techo panorámico', 'Aire acondicionado', 'Sensor crepuscular', 'Pantalla multimedia'];28478.55
Kangoo Express;Motor Diesel;2007;29132;FALSE;['Bancos de cuero', 'Cambio automático', 'Piloto automático', 'Control de estabilidad', 'Pantalla multimedia', 'Sensor de lluvia', 'Techo panorámico', 'Tablero digital'];-999999.00
SW4;Motor Diesel V6;1994;23802;FALSE;['Sensor de lluvia', 'Bancos de cuero', 'Control de tracción', 'Piloto automático', 'Pantalla multimedia', 'Cámara de estacionamiento', 'Techo panorámico', 'Llantas de aleación'];24497.14
Cadillac ELR;Motor 1.0 8v;2007;84992;FALSE;['Sensor crepuscular', 'Cerraduras eléctricas', 'Techo panorámico', 'Vidrios eléctricos', 'Sensor de estacionamiento', 'Sensor de lluvia', 'Llantas de aleación', 'Frenos ABS'];19590.21
Doblò;Motor 1.8 16v;1997;54395;FALSE;['Cámara de estacionamiento', 'Techo panorámico', 'Control de estabilidad', 'Sensor de estacionamiento', 'Cerraduras eléctricas', 'Vidrios eléctricos', 'Bancos de cuero', 'Piloto automático'];15656.70
Lamborghini Egoista;Motor 3.0 32v;2006;26731;FALSE;['Llantas de aleación', 'Control de tracción', 'Pantalla multimedia', 'Control de estabilidad', 'Sensor de estacionamiento', 'Tablero digital', 'Cámara de estacionamiento', 'Sensor crepuscular'];16686.81
Fit;Motor Diesel;2013;44329;FALSE;['Frenos ABS', 'Cámara de estacionamiento', 'Cambio automático', 'Techo panorámico', 'Piloto automático', 'Vidrios eléctricos', 'Sensor de lluvia', 'Sensor crepuscular'];15567.25
C5;Motor 2.0 16v;1994;118236;FALSE;['Tablero digital', 'Techo panorámico', 'Piloto automático', 'Control de estabilidad', 'Sensor crepuscular', 'Sensor de estacionamiento', 'Cerraduras eléctricas', 'Sensor de lluvia'];12162.78
Celer Hatch;Motor V8;2008;113808;FALSE;['Control de estabilidad', 'Cambio automático', 'Frenos ABS', 'Llantas de aleación', 'Sensor crepuscular', 'Sensor de lluvia', 'Pantalla multimedia', 'Aire acondicionado'];-999999.00
HB20S;Motor V8;2008;610;FALSE;['Techo panorámico', 'Llantas de aleación', 'Cerraduras eléctricas', 'Control de tracción', 'Frenos ABS', 'Piloto automático', 'Sensor crepuscular', 'Sensor de estacionamiento'];23256.24
Cielo Hatch;Motor Diesel;2019;18036;FALSE;['Tablero digital', 'Pantalla multimedia', 'Cámara de estacionamiento', 'Cerraduras eléctricas', 'Control de tracción', 'Sensor de estacionamiento', 'Techo panorámico', 'Aire acondicionado'];29039.54
Livina;Motor 2.0 16v;2020;;TRUE;['Sensor crepuscular', 'Cámara de estacionamiento', 'Pantalla multimedia', 'Llantas de aleación', 'Tablero digital', 'Cambio automático', 'Bancos de cuero', 'Sensor de estacionamiento'];10148.42
Ducato;Motor 5.0 V8 Bi-Turbo;1999;12887;FALSE;['Sensor de lluvia', 'Tablero digital', 'Sensor crepuscular', '4 X 4', 'Sensor de estacionamiento', 'Bancos de cuero', 'Cerraduras eléctricas', 'Cambio automático'];14606.71
March;Motor V6;2007;79607;FALSE;['Bancos de cuero', 'Piloto automático', 'Sensor de estacionamiento', 'Vidrios eléctricos', 'Control de estabilidad', 'Frenos ABS', '4 X 4', 'Cambio automático'];10866.57
Cadillac XTS sedan;Motor Diesel V6;1993;90924;FALSE;['Aire acondicionado', 'Cambio automático', 'Sensor de estacionamiento', 'Cerraduras eléctricas', 'Cámara de estacionamiento', 'Control de tracción', 'Bancos de cuero', 'Tablero digital'];-999999.00
Lamborghini Centenario;Motor V6;1995;42733;FALSE;['Pantalla multimedia', 'Vidrios eléctricos', 'Sensor de estacionamiento', '4 X 4', 'Cámara de estacionamiento', 'Tablero digital', 'Control de tracción', 'Cambio automático'];12715.70
Hilux;Motor 5.0 V8 Bi-Turbo;2020;;TRUE;['4 X 4', 'Piloto automático', 'Techo panorámico', 'Pantalla multimedia', 'Vidrios eléctricos', 'Frenos ABS', 'Tablero digital', 'Llantas de aleación'];12901.54
Grand Siena;Motor Diesel V8;2020;;TRUE;['Bancos de cuero', 'Tablero digital', 'Sensor de estacionamiento', 'Sensor crepuscular', 'Control de tracción', 'Aire acondicionado', 'Cerraduras eléctricas', '4 X 4'];23015.12
Symbol;Motor Diesel;2016;117714;FALSE;['4 X 4', 'Piloto automático', 'Sensor crepuscular', 'Cámara de estacionamiento', 'Vidrios eléctricos', 'Llantas de aleación', 'Pantalla multimedia', 'Control de tracción'];26606.12
Aston Martin V12 GT Zagato;Motor 4.0 Turbo;2011;113885;FALSE;['Pantalla multimedia', 'Piloto automático', 'Sensor de lluvia', 'Control de estabilidad', 'Control de tracción', 'Aire acondicionado', 'Vidrios eléctricos', 'Techo panorámico'];28318.37
Fusion;Motor 1.8 16v;2019;5110;FALSE;['Control de tracción', 'Cambio automático', 'Frenos ABS', 'Sensor de lluvia', 'Cerraduras eléctricas', 'Cámara de estacionamiento', 'Aire acondicionado', 'Sensor crepuscular'];20076.06
A4 Sedan;Motor Diesel;2002;30511;FALSE;['Cámara de estacionamiento', '4 X 4', 'Cerraduras eléctricas', 'Aire acondicionado', 'Techo panorámico', 'Vidrios eléctricos', 'Frenos ABS', 'Pantalla multimedia'];19273.81
Xsara Picasso;Motor 2.0 16v;2013;74867;FALSE;['Sensor de lluvia', 'Techo panorámico', 'Pantalla multimedia', 'Vidrios eléctricos', 'Llantas de aleación', 'Tablero digital', 'Sensor crepuscular', 'Piloto automático'];28520.77
207 SW;Motor 3.0 32v;2017;119760;FALSE;['Control de estabilidad', 'Cerraduras eléctricas', 'Cámara de estacionamiento', 'Bancos de cuero', 'Sensor de estacionamiento', 'Cambio automático', 'Piloto automático', 'Sensor de lluvia'];23541.93
Star;Motor V6;2016;8356;FALSE;['Cámara de estacionamiento', '4 X 4', 'Pantalla multimedia', 'Vidrios eléctricos', 'Sensor crepuscular', 'Sensor de estacionamiento', 'Techo panorámico', 'Piloto automático'];20448.31
Doblò Cargo;Motor 3.0 32v;2008;64247;FALSE;['Frenos ABS', 'Techo panorámico', 'Vidrios eléctricos', 'Piloto automático', 'Cámara de estacionamiento', 'Aire acondicionado', 'Control de tracción', '4 X 4'];19213.08
Cadillac CTS;Motor 1.8 16v;2018;88661;FALSE;['Cerraduras eléctricas', 'Sensor de lluvia', 'Frenos ABS', 'Cambio automático', 'Sensor de estacionamiento', '4 X 4', 'Aire acondicionado', 'Techo panorámico'];10778.92
Cayenne;Motor 1.0 8v;2003;4539;FALSE;['Control de tracción', 'Piloto automático', 'Cerraduras eléctricas', 'Bancos de cuero', 'Sensor de lluvia', '4 X 4', 'Control de estabilidad', 'Llantas de aleación'];24782.36
Fox;Motor 4.0 Turbo;2003;110116;FALSE;['Piloto automático', 'Cambio automático', 'Cerraduras eléctricas', 'Sensor de estacionamiento', 'Techo panorámico', 'Pantalla multimedia', 'Aire acondicionado', 'Llantas de aleación'];1000000.00
Tiida Hatch;Motor Diesel V6;2004;33215;FALSE;['Techo panorámico', 'Cerraduras eléctricas', 'Sensor de estacionamiento', 'Pantalla multimedia', '4 X 4', 'Sensor de lluvia', 'Aire acondicionado', 'Llantas de aleación'];16686.33
Dodge Charger;Motor 2.4 Turbo;2010;92001;FALSE;['Vidrios eléctricos', 'Sensor crepuscular', 'Control de estabilidad', 'Techo panorámico', 'Cámara de estacionamiento', 'Piloto automático', 'Sensor de estacionamiento', '4 X 4'];24595.13
Face;Motor V8;2020;;TRUE;['Control de estabilidad', 'Vidrios eléctricos', 'Frenos ABS', 'Sensor de lluvia', 'Cámara de estacionamiento', 'Tablero digital', 'Aire acondicionado', 'Techo panorámico'];18645.55
Prius;Motor 3.0 32v;2006;81708;FALSE;['Llantas de aleación', 'Bancos de cuero', 'Tablero digital', 'Cámara de estacionamiento', 'Techo panorámico', 'Vidrios eléctricos', 'Control de tracción', 'Aire acondicionado'];11752.53
Idea;Motor V6;2001;70641;FALSE;['Pantalla multimedia', 'Piloto automático', 'Cerraduras eléctricas', 'Bancos de cuero', '4 X 4', 'Control de tracción', 'Cambio automático', 'Sensor de lluvia'];27909.93
A8;Motor 2.0 16v;2020;;TRUE;['Tablero digital', 'Techo panorámico', 'Piloto automático', 'Sensor de lluvia', 'Cambio automático', 'Frenos ABS', 'Cámara de estacionamiento', 'Sensor crepuscular'];24403.28
Serie 1 Cabrio;Motor 3.0 32v;2015;91277;FALSE;['Vidrios eléctricos', 'Cerraduras eléctricas', 'Control de tracción', 'Cambio automático', 'Sensor crepuscular', 'Tablero digital', 'Bancos de cuero', 'Sensor de lluvia'];14546.40
Edge;Motor V6;2018;26544;FALSE;['Frenos ABS', 'Control de tracción', 'Sensor crepuscular', 'Cerraduras eléctricas', 'Cambio automático', 'Cámara de estacionamiento', 'Sensor de lluvia', 'Techo panorámico'];17683.31
Cadillac ATS sedan;Motor 1.8 16v;2017;52596;FALSE;['Tablero digital', 'Vidrios eléctricos', 'Techo panorámico', 'Pantalla multimedia', 'Cámara de estacionamiento', 'Llantas de aleación', 'Sensor de lluvia', 'Piloto automático'];14774.68
Lamborghini Asterion LPI 910-4;Motor 5.0 V8 Bi-Turbo;1992;47503;FALSE;['Aire acondicionado', 'Tablero digital', 'Control de estabilidad', 'Sensor de lluvia', 'Vidrios eléctricos', 'Techo panorámico', 'Cambio automático', '4 X 4'];14141.87
Frontier;Motor V8;2001;89056;FALSE;['Cambio automático', 'Llantas de aleación', 'Sensor de estacionamiento', 'Bancos de cuero', 'Vidrios eléctricos', 'Cerraduras eléctricas', 'Aire acondicionado', 'Techo panorámico'];23061.30
Serie 3 Sedan;Motor 3.0 32v;1993;28834;FALSE;['Control de tracción', 'Control de estabilidad', '4 X 4', 'Llantas de aleación', 'Cerraduras eléctricas', 'Techo panorámico', 'Sensor de lluvia', 'Sensor de estacionamiento'];11184.93
Lamborghini LM002;Motor 1.8 16v;1995;110564;FALSE;['Bancos de cuero', 'Frenos ABS', 'Pantalla multimedia', 'Control de estabilidad', 'Control de tracción', 'Llantas de aleación', 'Cerraduras eléctricas', 'Sensor crepuscular'];17010.45
Cadillac XLR;Motor Diesel V8;2003;56638;FALSE;['Sensor crepuscular', 'Techo panorámico', 'Sensor de estacionamiento', 'Bancos de cuero', 'Cambio automático', 'Cámara de estacionamiento', 'Frenos ABS', 'Llantas de aleación'];11329.27
A4 Avant;Motor Diesel;2014;17357;FALSE;['Techo panorámico', '4 X 4', 'Bancos de cuero', 'Aire acondicionado', 'Llantas de aleación', 'Frenos ABS', 'Control de estabilidad', 'Control de tracción'];27789.38
EcoSport;Motor 4.0 Turbo;2008;74015;FALSE;['Piloto automático', 'Sensor de estacionamiento', 'Cerraduras eléctricas', 'Control de estabilidad', 'Sensor crepuscular', 'Techo panorámico', 'Llantas de aleación', 'Aire acondicionado'];21651.34
J3;Motor 1.8 16v;2013;15196;FALSE;['Control de estabilidad', '4 X 4', 'Cámara de estacionamiento', 'Techo panorámico', 'Tablero digital', 'Bancos de cuero', 'Sensor de estacionamiento', 'Piloto automático'];11795.86
Q3;Motor 3.0 32v;2020;;TRUE;['Control de estabilidad', 'Bancos de cuero', 'Tablero digital', 'Sensor crepuscular', 'Frenos ABS', '4 X 4', 'Control de tracción', 'Sensor de lluvia'];22945.54
Aston Martin V8 Vantage;Motor V8;2017;10821;FALSE;['Techo panorámico', 'Control de tracción', 'Tablero digital', '4 X 4', 'Cámara de estacionamiento', 'Piloto automático', 'Control de estabilidad', 'Sensor de lluvia'];27932.30
Z4 Roadster;Motor 3.0 32v;2020;;TRUE;['Pantalla multimedia', 'Cambio automático', 'Cerraduras eléctricas', '4 X 4', 'Bancos de cuero', 'Techo panorámico', 'Frenos ABS', 'Sensor crepuscular'];16076.45
Lamborghini Ferruccio;Motor 3.0 32v;2020;;TRUE;['Vidrios eléctricos', 'Piloto automático', 'Techo panorámico', 'Sensor crepuscular', 'Sensor de lluvia', 'Aire acondicionado', 'Frenos ABS', 'Cámara de estacionamiento'];29831.43
Ford Ka+;Motor 1.8 16v;2006;9595;FALSE;['Sensor crepuscular', 'Piloto automático', 'Control de tracción', 'Control de estabilidad', 'Aire acondicionado', 'Pantalla multimedia', 'Cambio automático', 'Bancos de cuero'];17566.08
Silver Shadow;Motor Diesel;2015;99052;FALSE;['4 X 4', 'Pantalla multimedia', 'Aire acondicionado', 'Techo panorámico', 'Cerraduras eléctricas', 'Control de tracción', 'Tablero digital', 'Sensor de lluvia'];28713.64
Clase C 63 AMG Touring;Motor Diesel V8;2007;52389;FALSE;['Pantalla multimedia', 'Piloto automático', 'Frenos ABS', 'Sensor crepuscular', 'Cambio automático', 'Bancos de cuero', 'Sensor de lluvia', 'Vidrios eléctricos'];27634.37
Discovery 4;Motor 4.0 Turbo;2005;119945;FALSE;['Frenos ABS', 'Llantas de aleación', 'Sensor de lluvia', 'Control de estabilidad', 'Vidrios eléctricos', 'Techo panorámico', 'Sensor crepuscular', 'Control de tracción'];23156.99
Veloster;Motor Diesel V8;2017;96005;FALSE;['Aire acondicionado', 'Pantalla multimedia', 'Bancos de cuero', 'Sensor crepuscular', 'Frenos ABS', 'Vidrios eléctricos', 'Cámara de estacionamiento', '4 X 4'];29301.80
Clase C;Motor Diesel V6;1998;31639;FALSE;['Frenos ABS', 'Sensor de lluvia', 'Pantalla multimedia', 'Cambio automático', 'Tablero digital', 'Control de tracción', 'Bancos de cuero', 'Control de estabilidad'];27534.05
Camry;Motor Diesel;2020;;TRUE;['Cerraduras eléctricas', 'Llantas de aleación', 'Sensor crepuscular', 'Bancos de cuero', 'Tablero digital', 'Frenos ABS', 'Aire acondicionado', 'Cámara de estacionamiento'];27719.45
C5 Tourer;Motor Diesel V6;1999;80187;FALSE;['Llantas de aleación', 'Sensor de lluvia', 'Tablero digital', 'Cámara de estacionamiento', 'Control de tracción', 'Vidrios eléctricos', 'Pantalla multimedia', '4 X 4'];29525.56
R8 GT;Motor 4.0 Turbo;2020;;TRUE;['Llantas de aleación', 'Cambio automático', 'Sensor crepuscular', 'Sensor de estacionamiento', 'Bancos de cuero', 'Techo panorámico', 'Frenos ABS', 'Cámara de estacionamiento'];12599.80
Bongo;Motor Diesel V8;2009;58212;FALSE;['Vidrios eléctricos', 'Techo panorámico', 'Tablero digital', 'Piloto automático', 'Sensor crepuscular', 'Pantalla multimedia', 'Cambio automático', 'Llantas de aleación'];18248.49
ASX;Motor Diesel V8;2003;61672;FALSE;['Aire acondicionado', 'Sensor crepuscular', 'Llantas de aleación', 'Control de estabilidad', 'Piloto automático', 'Cambio automático', 'Sensor de estacionamiento', 'Techo panorámico'];29897.98
Cadillac SRX;Motor 5.0 V8 Bi-Turbo;1994;32017;FALSE;['Tablero digital', 'Piloto automático', 'Control de estabilidad', 'Techo panorámico', 'Cerraduras eléctricas', 'Llantas de aleación', 'Pantalla multimedia', '4 X 4'];12705.99
Clase CL;Motor V8;2020;;TRUE;['Pantalla multimedia', 'Cambio automático', '4 X 4', 'Control de estabilidad', 'Bancos de cuero', 'Aire acondicionado', 'Frenos ABS', 'Cámara de estacionamiento'];11705.08
500 Abarth;Motor V6;1994;56944;FALSE;['4 X 4', 'Techo panorámico', 'Control de tracción', 'Control de estabilidad', 'Sensor de lluvia', 'Cerraduras eléctricas', 'Tablero digital', 'Sensor crepuscular'];18069.01
Aston Martin Cygnet;Motor 5.0 V8 Bi-Turbo;2020;;TRUE;['Tablero digital', 'Aire acondicionado', 'Sensor crepuscular', 'Frenos ABS', 'Sensor de lluvia', 'Cámara de estacionamiento', 'Control de tracción', 'Vidrios eléctricos'];29554.17
Cadillac STS;Motor 4.0 Turbo;2015;86519;FALSE;['Tablero digital', 'Bancos de cuero', 'Sensor de estacionamiento', '4 X 4', 'Piloto automático', 'Cambio automático', 'Control de tracción', 'Cerraduras eléctricas'];21323.54
Aston Martin DB9;Motor 1.8 16v;1996;4821;FALSE;['Aire acondicionado', 'Vidrios eléctricos', '4 X 4', 'Cámara de estacionamiento', 'Cambio automático', 'Llantas de aleación', 'Bancos de cuero', 'Tablero digital'];20985.98
NX 200t;Motor 2.4 Turbo;1997;101025;FALSE;['Control de estabilidad', 'Tablero digital', 'Bancos de cuero', 'Llantas de aleación', 'Piloto automático', 'Vidrios eléctricos', '4 X 4', 'Control de tracción'];20142.49
Aston Martin One-77;Motor V6;1993;30705;FALSE;['Sensor de estacionamiento', 'Llantas de aleación', 'Control de estabilidad', 'Bancos de cuero', 'Control de tracción', 'Piloto automático', 'Pantalla multimedia', 'Vidrios eléctricos'];28396.59
Lamborghini Veneno;Motor 3.0 32v;2020;;TRUE;['4 X 4', 'Sensor de estacionamiento', 'Cambio automático', 'Llantas de aleación', 'Techo panorámico', 'Pantalla multimedia', 'Cerraduras eléctricas', 'Piloto automático'];20807.76
Sentra;Motor 2.0 16v;1992;32555;FALSE;['Piloto automático', 'Sensor crepuscular', 'Cerraduras eléctricas', 'Aire acondicionado', 'Cambio automático', 'Tablero digital', 'Vidrios eléctricos', 'Control de tracción'];17700.31
Jumper;Motor 2.4 Turbo;1995;103389;FALSE;['Aire acondicionado', 'Llantas de aleación', 'Cambio automático', 'Bancos de cuero', 'Piloto automático', 'Frenos ABS', 'Tablero digital', 'Vidrios eléctricos'];15956.40
i30;Motor 1.8 16v;2020;;TRUE;['Cambio automático', 'Control de estabilidad', 'Sensor crepuscular', 'Control de tracción', 'Vidrios eléctricos', 'Frenos ABS', 'Pantalla multimedia', 'Bancos de cuero'];17244.82
X6;Motor Diesel V6;1990;55289;FALSE;['Cámara de estacionamiento', 'Cerraduras eléctricas', 'Pantalla multimedia', 'Piloto automático', 'Control de tracción', 'Bancos de cuero', 'Sensor crepuscular', 'Sensor de estacionamiento'];20719.24
Voyage;Motor 5.0 V8 Bi-Turbo;2020;;TRUE;['Aire acondicionado', 'Sensor de estacionamiento', 'Bancos de cuero', 'Control de estabilidad', 'Sensor crepuscular', '4 X 4', 'Vidrios eléctricos', 'Cerraduras eléctricas'];29799.29
Phantom I Phantom II;Motor 1.8 16v;2020;;TRUE;['Piloto automático', 'Frenos ABS', 'Tablero digital', 'Aire acondicionado', 'Bancos de cuero', 'Llantas de aleación', 'Cambio automático', 'Sensor crepuscular'];12189.60
Passat Variant;Motor 1.0 8v;1991;115930;FALSE;['Frenos ABS', 'Llantas de aleación', 'Piloto automático', 'Control de tracción', 'Bancos de cuero', 'Vidrios eléctricos', 'Techo panorámico', 'Tablero digital'];13907.09
Clio;Motor Diesel;1990;66437;FALSE;['4 X 4', 'Cambio automático', 'Frenos ABS', 'Bancos de cuero', 'Piloto automático', 'Control de estabilidad', 'Sensor de estacionamiento', 'Sensor crepuscular'];22226.07
Clase G;Motor Diesel V6;2012;96800;FALSE;['Control de estabilidad', 'Pantalla multimedia', 'Sensor crepuscular', 'Frenos ABS', 'Llantas de aleación', '4 X 4', 'Vidrios eléctricos', 'Techo panorámico'];13169.54
Silver Ghost;Motor 1.8 16v;2007;14237;FALSE;['Cerraduras eléctricas', 'Tablero digital', 'Cámara de estacionamiento', 'Pantalla multimedia', 'Control de estabilidad', 'Piloto automático', 'Sensor de estacionamiento', '4 X 4'];15619.21
Serie 3 M3 Coupé;Motor Diesel;2013;19896;FALSE;['Bancos de cuero', 'Sensor de lluvia', 'Aire acondicionado', 'Pantalla multimedia', 'Sensor de estacionamiento', 'Llantas de aleación', 'Tablero digital', 'Sensor crepuscular'];13843.98
Gallardo LP 560 – 4;Motor Diesel;2000;113045;FALSE;['Frenos ABS', 'Techo panorámico', 'Pantalla multimedia', 'Bancos de cuero', 'Llantas de aleación', 'Sensor de estacionamiento', 'Cerraduras eléctricas', '4 X 4'];28823.78
Freelander 2;Motor Diesel V6;2002;114942;FALSE;['4 X 4', 'Cámara de estacionamiento', 'Sensor crepuscular', 'Cambio automático', 'Tablero digital', 'Sensor de lluvia', 'Sensor de estacionamiento', 'Techo panorámico'];15479.41
Grand Cherokee;Motor 5.0 V8 Bi-Turbo;1996;3173;FALSE;['Cambio automático', 'Cerraduras eléctricas', 'Sensor de estacionamiento', 'Techo panorámico', 'Bancos de cuero', '4 X 4', 'Tablero digital', 'Cámara de estacionamiento'];13794.85
Aston Martin DBR9;Motor 4.0 Turbo;1996;83611;FALSE;['Control de estabilidad', 'Sensor de estacionamiento', 'Piloto automático', 'Techo panorámico', 'Cámara de estacionamiento', 'Cambio automático', 'Bancos de cuero', 'Frenos ABS'];25046.26
Soul;Motor 5.0 V8 Bi-Turbo;2015;25356;FALSE;['Sensor crepuscular', 'Piloto automático', 'Sensor de estacionamiento', 'Sensor de lluvia', 'Control de estabilidad', 'Cerraduras eléctricas', 'Control de tracción', 'Bancos de cuero'];17100.22
Cadillac BLS;Motor V8;1993;88634;FALSE;['Techo panorámico', 'Control de estabilidad', 'Cambio automático', 'Control de tracción', 'Aire acondicionado', 'Sensor de lluvia', 'Tablero digital', 'Sensor crepuscular'];-999999.00
RX 350;Motor V6;2013;2314;FALSE;['Piloto automático', 'Sensor crepuscular', 'Aire acondicionado', 'Control de estabilidad', 'Bancos de cuero', 'Control de tracción', 'Llantas de aleación', 'Sensor de estacionamiento'];27764.76
Cayman;Motor 3.0 32v;2013;2627;FALSE;['Pantalla multimedia', 'Tablero digital', 'Sensor crepuscular', 'Frenos ABS', '4 X 4', 'Techo panorámico', 'Bancos de cuero', 'Cámara de estacionamiento'];23592.39
Chana Utility;Motor Diesel;2009;52034;FALSE;['Aire acondicionado', 'Sensor de estacionamiento', 'Piloto automático', 'Vidrios eléctricos', 'Control de tracción', '4 X 4', 'Techo panorámico', 'Llantas de aleación'];26532.46
308 CC;Motor 4.0 Turbo;2020;;TRUE;['Cámara de estacionamiento', 'Bancos de cuero', 'Pantalla multimedia', 'Llantas de aleación', 'Vidrios eléctricos', 'Tablero digital', 'Control de estabilidad', 'Cambio automático'];29281.16
L200 Triton;Motor Diesel V8;2020;;TRUE;['Vidrios eléctricos', 'Aire acondicionado', 'Tablero digital', 'Control de tracción', 'Cámara de estacionamiento', 'Cerraduras eléctricas', '4 X 4', 'Cambio automático'];16399.84
Jetta;Motor 5.0 V8 Bi-Turbo;2002;79577;FALSE;['Pantalla multimedia', 'Vidrios eléctricos', 'Cámara de estacionamiento', 'Piloto automático', 'Frenos ABS', 'Bancos de cuero', 'Aire acondicionado', 'Sensor de estacionamiento'];28186.92
C4 Lounge;Motor V8;1997;108201;FALSE;['Pantalla multimedia', 'Control de tracción', 'Techo panorámico', 'Sensor de lluvia', 'Cerraduras eléctricas', 'Sensor de estacionamiento', 'Cambio automático', 'Vidrios eléctricos'];16473.36
C4 Pallas;Motor 1.0 8v;1998;76453;FALSE;['4 X 4', 'Frenos ABS', 'Sensor de lluvia', 'Llantas de aleación', 'Cambio automático', 'Cerraduras eléctricas', 'Control de estabilidad', 'Sensor crepuscular'];14084.82
Equus;Motor 3.0 32v;2004;57683;FALSE;['Cerraduras eléctricas', 'Llantas de aleación', '4 X 4', 'Cambio automático', 'Frenos ABS', 'Pantalla multimedia', 'Vidrios eléctricos', 'Sensor de estacionamiento'];10724.06
Clase GL;Motor 3.0 32v;1996;96610;FALSE;['Frenos ABS', 'Cámara de estacionamiento', 'Cerraduras eléctricas', 'Cambio automático', 'Tablero digital', 'Sensor de lluvia', '4 X 4', 'Bancos de cuero'];14677.84
Range Rover Evoque;Motor 2.0 16v;2015;109001;FALSE;['Llantas de aleación', 'Techo panorámico', 'Sensor de lluvia', 'Cerraduras eléctricas', 'Piloto automático', 'Tablero digital', 'Sensor crepuscular', 'Control de estabilidad'];22323.62
Cherokee;Motor 4.0 Turbo;2016;26212;FALSE;['Tablero digital', 'Cerraduras eléctricas', 'Llantas de aleación', 'Cámara de estacionamiento', 'Sensor de estacionamiento', 'Techo panorámico', 'Aire acondicionado', 'Piloto automático'];22437.47
Punto;Motor 4.0 Turbo;2005;45971;FALSE;['Pantalla multimedia', 'Cambio automático', 'Piloto automático', '4 X 4', 'Sensor de lluvia', 'Tablero digital', 'Control de estabilidad', 'Techo panorámico'];24162.51
Grand Tour;Motor 3.0 32v;1999;49182;FALSE;['Llantas de aleación', 'Cerraduras eléctricas', 'Bancos de cuero', '4 X 4', 'Pantalla multimedia', 'Vidrios eléctricos', 'Control de estabilidad', 'Techo panorámico'];23206.21
Fluence;Motor Diesel V6;1995;49907;FALSE;['Sensor crepuscular', 'Techo panorámico', 'Cambio automático', 'Cámara de estacionamiento', 'Bancos de cuero', 'Frenos ABS', 'Aire acondicionado', 'Pantalla multimedia'];25079.62
Effa Hafei Picape Cabine Simples;Motor 1.0 8v;1993;38620;FALSE;['Piloto automático', 'Aire acondicionado', 'Pantalla multimedia', 'Tablero digital', '4 X 4', 'Sensor de estacionamiento', 'Control de estabilidad', 'Sensor crepuscular'];15220.29
Durango;Motor 2.0 16v;2004;60996;FALSE;['Bancos de cuero', 'Tablero digital', 'Cambio automático', 'Cámara de estacionamiento', '4 X 4', 'Control de estabilidad', 'Llantas de aleación', 'Techo panorámico'];15052.65
Boxster;Motor Diesel V8;2013;73914;FALSE;['Techo panorámico', 'Sensor crepuscular', 'Bancos de cuero', 'Sensor de estacionamiento', 'Cerraduras eléctricas', 'Pantalla multimedia', 'Control de estabilidad', 'Llantas de aleación'];29477.55
TT Roadster;Motor Diesel;1998;107392;FALSE;['Aire acondicionado', 'Sensor de estacionamiento', 'Control de tracción', 'Frenos ABS', 'Tablero digital', 'Vidrios eléctricos', 'Piloto automático', 'Cerraduras eléctricas'];17062.28
Lamborghini Jalpa;Motor 1.8 16v;2018;9146;FALSE;['Piloto automático', 'Frenos ABS', 'Sensor de estacionamiento', 'Vidrios eléctricos', 'Cerraduras eléctricas', 'Control de tracción', 'Sensor crepuscular', 'Cambio automático'];10877.62
Clase SLK;Motor 4.0 Turbo;2020;;TRUE;['4 X 4', 'Sensor de estacionamiento', 'Control de tracción', 'Llantas de aleación', 'Sensor de lluvia', 'Aire acondicionado', 'Frenos ABS', 'Bancos de cuero'];24831.33
Golf;Motor 1.0 8v;2018;17924;FALSE;['Llantas de aleación', 'Control de tracción', 'Sensor de lluvia', 'Bancos de cuero', 'Frenos ABS', 'Tablero digital', 'Cambio automático', 'Sensor de estacionamiento'];29240.67
C3 Picasso;Motor 3.0 32v;2020;;TRUE;['Techo panorámico', 'Sensor crepuscular', 'Sensor de lluvia', 'Vidrios eléctricos', 'Aire acondicionado', 'Control de estabilidad', 'Cámara de estacionamiento', 'Pantalla multimedia'];11290.79
V50;Motor 2.0 16v;1990;116949;FALSE;['Techo panorámico', 'Cámara de estacionamiento', 'Control de estabilidad', 'Tablero digital', 'Cambio automático', 'Bancos de cuero', 'Llantas de aleación', 'Frenos ABS'];13774.76
Picanto;Motor 4.0 Turbo;2009;20476;FALSE;['Tablero digital', 'Control de estabilidad', 'Frenos ABS', 'Cerraduras eléctricas', 'Piloto automático', 'Sensor de estacionamiento', 'Vidrios eléctricos', 'Cámara de estacionamiento'];18333.52
Cadenza;Motor Diesel V6;1990;52804;FALSE;['Sensor crepuscular', 'Control de estabilidad', 'Cámara de estacionamiento', 'Llantas de aleación', 'Vidrios eléctricos', 'Cambio automático', 'Cerraduras eléctricas', 'Aire acondicionado'];18755.30
Etios Sedan;Motor 5.0 V8 Bi-Turbo;2006;8849;FALSE;['Aire acondicionado', 'Vidrios eléctricos', 'Sensor de lluvia', 'Frenos ABS', 'Control de tracción', 'Sensor crepuscular', 'Cambio automático', 'Techo panorámico'];13286.76
Alsvin;Motor Diesel V8;2002;91724;FALSE;['Pantalla multimedia', 'Control de estabilidad', 'Aire acondicionado', 'Vidrios eléctricos', 'Control de tracción', 'Frenos ABS', 'Sensor de estacionamiento', 'Cambio automático'];21811.85
Cadillac ATS;Motor Diesel V6;1991;32056;FALSE;['Piloto automático', 'Llantas de aleación', '4 X 4', 'Bancos de cuero', 'Sensor de estacionamiento', 'Vidrios eléctricos', 'Cerraduras eléctricas', 'Sensor crepuscular'];24413.99
Serie 3 M3 Sedan;Motor Diesel V6;1992;74886;FALSE;['Tablero digital', 'Frenos ABS', 'Aire acondicionado', 'Bancos de cuero', 'Control de tracción', 'Piloto automático', 'Cámara de estacionamiento', '4 X 4'];22618.06
Clase S;Motor 3.0 32v;2020;;TRUE;['Control de tracción', 'Techo panorámico', 'Cambio automático', 'Pantalla multimedia', 'Bancos de cuero', 'Vidrios eléctricos', 'Cerraduras eléctricas', 'Sensor de lluvia'];17880.22
T6;Motor 3.0 32v;2019;21588;FALSE;['Sensor de lluvia', 'Cámara de estacionamiento', '4 X 4', 'Cambio automático', 'Cerraduras eléctricas', 'Tablero digital', 'Piloto automático', 'Sensor crepuscular'];11368.56
Aston Martin DB7;Motor Diesel V8;2005;52189;FALSE;['Cerraduras eléctricas', 'Tablero digital', 'Sensor crepuscular', 'Control de tracción', 'Cámara de estacionamiento', 'Techo panorámico', 'Sensor de estacionamiento', 'Aire acondicionado'];-999999.00
207 Sedan;Motor 4.0 Turbo;2010;83559;FALSE;['Control de tracción', 'Pantalla multimedia', 'Sensor de lluvia', 'Cámara de estacionamiento', 'Sensor de estacionamiento', 'Bancos de cuero', 'Tablero digital', 'Piloto automático'];17902.39
Aston Martin Virage;Motor Diesel;2020;;TRUE;['Cerraduras eléctricas', 'Control de tracción', 'Cámara de estacionamiento', 'Bancos de cuero', 'Llantas de aleación', '4 X 4', 'Sensor de lluvia', 'Tablero digital'];19458.04
Azera;Motor 1.8 16v;2016;20328;FALSE;['Bancos de cuero', 'Control de tracción', 'Aire acondicionado', 'Cámara de estacionamiento', 'Cambio automático', 'Vidrios eléctricos', 'Techo panorámico', 'Frenos ABS'];24134.71
Vantage Volante;Motor Diesel V8;2020;;TRUE;['Frenos ABS', 'Control de tracción', 'Pantalla multimedia', 'Sensor crepuscular', 'Sensor de lluvia', 'Piloto automático', 'Aire acondicionado', 'Cambio automático'];-999999.00
Siena EL;Motor V8;2010;75577;FALSE;['Frenos ABS', 'Sensor crepuscular', 'Control de tracción', 'Llantas de aleación', 'Aire acondicionado', 'Cerraduras eléctricas', 'Sensor de estacionamiento', 'Pantalla multimedia'];27909.34
Palio Adventure;Motor Diesel V8;1994;33659;FALSE;['Techo panorámico', 'Pantalla multimedia', 'Piloto automático', 'Llantas de aleación', 'Vidrios eléctricos', 'Sensor de lluvia', 'Control de tracción', 'Tablero digital'];19015.63
HB20X;Motor V8;2001;104341;FALSE;['Sensor crepuscular', 'Techo panorámico', 'Tablero digital', 'Cambio automático', 'Pantalla multimedia', 'Sensor de estacionamiento', 'Cerraduras eléctricas', 'Bancos de cuero'];13618.35
HR;Motor 5.0 V8 Bi-Turbo;2014;25510;FALSE;['Control de tracción', 'Cambio automático', '4 X 4', 'Control de estabilidad', 'Llantas de aleación', 'Frenos ABS', 'Sensor crepuscular', 'Aire acondicionado'];12299.39
Cadillac STS V-Series;Motor 2.0 16v;1996;18965;FALSE;['Vidrios eléctricos', 'Piloto automático', 'Cambio automático', 'Sensor crepuscular', 'Sensor de lluvia', 'Control de estabilidad', 'Llantas de aleación', 'Aire acondicionado'];27933.86
Serie 1 Coupé;Motor 1.0 8v;1993;87161;FALSE;['Control de estabilidad', 'Techo panorámico', 'Bancos de cuero', 'Control de tracción', 'Cámara de estacionamiento', 'Frenos ABS', 'Piloto automático', 'Vidrios eléctricos'];-999999.00
SpaceFox;Motor V8;1993;6652;FALSE;['Sensor crepuscular', '4 X 4', 'Tablero digital', 'Cambio automático', 'Control de tracción', 'Pantalla multimedia', 'Vidrios eléctricos', 'Cerraduras eléctricas'];12356.73
C30;Motor 1.0 8v;2001;55738;FALSE;['Techo panorámico', 'Frenos ABS', 'Sensor crepuscular', 'Aire acondicionado', 'Tablero digital', 'Pantalla multimedia', 'Control de estabilidad', '4 X 4'];10561.18
J3 Turin;Motor V6;2020;;TRUE;['Sensor crepuscular', 'Cámara de estacionamiento', 'Sensor de estacionamiento', 'Llantas de aleación', 'Frenos ABS', 'Vidrios eléctricos', 'Cambio automático', '4 X 4'];-999999.00
Clase B;Motor Diesel V8;2020;;TRUE;['4 X 4', 'Bancos de cuero', 'Sensor crepuscular', 'Llantas de aleación', 'Pantalla multimedia', 'Tablero digital', 'Cerraduras eléctricas', 'Frenos ABS'];27108.60
Parati;Motor Diesel V8;2020;;TRUE;['Sensor de estacionamiento', 'Piloto automático', 'Control de tracción', 'Cerraduras eléctricas', 'Tablero digital', 'Bancos de cuero', 'Llantas de aleación', 'Control de estabilidad'];24341.75
Cadillac CTS V-Series;Motor 4.0 Turbo;2007;64320;FALSE;['Piloto automático', 'Aire acondicionado', 'Pantalla multimedia', 'Bancos de cuero', 'Vidrios eléctricos', 'Cambio automático', 'Control de tracción', 'Control de estabilidad'];21468.54
Sedan;Motor V8;2020;;TRUE;['Bancos de cuero', 'Pantalla multimedia', 'Frenos ABS', 'Aire acondicionado', 'Cerraduras eléctricas', 'Tablero digital', '4 X 4', 'Llantas de aleación'];11577.62
Clase CLS 63 AMG;Motor Diesel V6;2016;68678;FALSE;['Frenos ABS', 'Vidrios eléctricos', 'Cambio automático', 'Techo panorámico', 'Tablero digital', 'Aire acondicionado', 'Sensor crepuscular', 'Cerraduras eléctricas'];23632.30
Aircross;Motor 1.0 8v;2014;71697;FALSE;['Control de tracción', 'Piloto automático', 'Cámara de estacionamiento', 'Sensor de lluvia', 'Cerraduras eléctricas', 'Vidrios eléctricos', 'Sensor de estacionamiento', 'Cambio automático'];28499.81
Aston Martin V12 Vantage;Motor V8;2020;;TRUE;['Bancos de cuero', 'Pantalla multimedia', 'Control de estabilidad', 'Sensor crepuscular', 'Sensor de lluvia', 'Sensor de estacionamiento', 'Piloto automático', 'Vidrios eléctricos'];25679.22
Sandero;Motor Diesel;2015;34783;FALSE;['Piloto automático', 'Techo panorámico', 'Cambio automático', 'Sensor de estacionamiento', 'Vidrios eléctricos', 'Cerraduras eléctricas', 'Bancos de cuero', 'Cámara de estacionamiento'];22470.12
New Fiesta;Motor 5.0 V8 Bi-Turbo;2015;33772;FALSE;['Control de tracción', 'Cerraduras eléctricas', '4 X 4', 'Aire acondicionado', 'Tablero digital', 'Llantas de aleación', 'Control de estabilidad', 'Pantalla multimedia'];24932.28
XKR;Motor Diesel;1996;85127;FALSE;['Control de tracción', 'Aire acondicionado', 'Cerraduras eléctricas', 'Bancos de cuero', 'Llantas de aleación', 'Sensor crepuscular', 'Cámara de estacionamiento', 'Sensor de estacionamiento'];10852.63
X5;Motor Diesel;2002;13606;FALSE;['Control de tracción', 'Piloto automático', 'Cerraduras eléctricas', 'Llantas de aleación', 'Vidrios eléctricos', 'Cámara de estacionamiento', 'Cambio automático', 'Tablero digital'];12408.26
Cadillac DTS;Motor 1.8 16v;2005;35647;FALSE;['Pantalla multimedia', 'Llantas de aleación', 'Cambio automático', 'Frenos ABS', 'Piloto automático', 'Cerraduras eléctricas', 'Cámara de estacionamiento', 'Control de estabilidad'];25859.22
Pajero Dakar;Motor 4.0 Turbo;1995;95128;FALSE;['Piloto automático', 'Sensor de lluvia', 'Control de estabilidad', 'Techo panorámico', 'Vidrios eléctricos', 'Pantalla multimedia', 'Cambio automático', 'Control de tracción'];12199.67
Clase A;Motor 1.0 8v;1999;14046;FALSE;['Control de tracción', 'Pantalla multimedia', 'Sensor de estacionamiento', 'Piloto automático', 'Bancos de cuero', 'Cerraduras eléctricas', 'Sensor crepuscular', 'Cámara de estacionamiento'];11601.70
Ford Focus Fastback;Motor 4.0 Turbo;2005;41194;FALSE;['Bancos de cuero', 'Cámara de estacionamiento', 'Sensor crepuscular', 'Sensor de estacionamiento', 'Tablero digital', 'Piloto automático', 'Cerraduras eléctricas', 'Vidrios eléctricos'];16460.84
Partner;Motor 2.4 Turbo;2020;;TRUE;['Pantalla multimedia', 'Control de tracción', 'Cerraduras eléctricas', 'Frenos ABS', 'Sensor de lluvia', 'Llantas de aleación', 'Tablero digital', 'Sensor de estacionamiento'];22906.35
R8;Motor V6;1997;96100;FALSE;['4 X 4', 'Control de estabilidad', 'Cámara de estacionamiento', 'Piloto automático', 'Cerraduras eléctricas', 'Pantalla multimedia', 'Bancos de cuero', 'Vidrios eléctricos'];25713.12
Aston Martin DBS Volante;Motor 4.0 Turbo;1990;103900;FALSE;['Pantalla multimedia', 'Control de estabilidad', 'Sensor crepuscular', 'Techo panorámico', 'Cambio automático', 'Sensor de estacionamiento', 'Sensor de lluvia', 'Cerraduras eléctricas'];25297.65
Mohave;Motor Diesel V6;2001;43814;FALSE;['Cerraduras eléctricas', 'Pantalla multimedia', 'Tablero digital', 'Cambio automático', 'Control de tracción', 'Aire acondicionado', 'Llantas de aleación', 'Sensor crepuscular'];23814.91
Fusca;Motor 3.0 32v;2013;24638;FALSE;['Cambio automático', 'Techo panorámico', 'Sensor de lluvia', 'Frenos ABS', '4 X 4', 'Llantas de aleación', 'Cerraduras eléctricas', 'Piloto automático'];26047.61
Chana Family;Motor V8;2020;;TRUE;['Piloto automático', 'Techo panorámico', 'Sensor de estacionamiento', 'Cámara de estacionamiento', '4 X 4', 'Pantalla multimedia', 'Llantas de aleación', 'Cerraduras eléctricas'];23152.03
XC40;Motor 2.4 Turbo;2017;110966;FALSE;['Sensor de lluvia', 'Pantalla multimedia', 'Vidrios eléctricos', 'Cámara de estacionamiento', 'Sensor de estacionamiento', 'Cerraduras eléctricas', 'Techo panorámico', 'Tablero digital'];24249.60
Phantom I Jonckheere Aerodynamic Coupe;Motor 1.8 16v;2011;15987;FALSE;['Sensor crepuscular', 'Cerraduras eléctricas', 'Piloto automático', 'Cámara de estacionamiento', 'Pantalla multimedia', 'Vidrios eléctricos', 'Frenos ABS', 'Sensor de lluvia'];19631.27
Boxer;Motor V6;2005;53369;FALSE;['Cerraduras eléctricas', 'Piloto automático', 'Vidrios eléctricos', 'Cámara de estacionamiento', 'Sensor crepuscular', 'Sensor de lluvia', 'Pantalla multimedia', '4 X 4'];22429.36
Chana Cargo;Motor 2.0 16v;2007;10077;FALSE;['Techo panorámico', '4 X 4', 'Pantalla multimedia', 'Sensor de lluvia', 'Sensor de estacionamiento', 'Aire acondicionado', 'Cámara de estacionamiento', 'Piloto automático'];20545.93
Dodge Dakota;Motor Diesel;1993;71544;FALSE;['Control de tracción', 'Sensor de estacionamiento', 'Piloto automático', 'Pantalla multimedia', '4 X 4', 'Tablero digital', 'Cámara de estacionamiento', 'Vidrios eléctricos'];28216.67
X1;Motor Diesel V8;1991;107;FALSE;['4 X 4', 'Techo panorámico', 'Aire acondicionado', 'Llantas de aleación', 'Tablero digital', 'Cámara de estacionamiento', 'Control de tracción', 'Piloto automático'];20593.75
GLA;Motor 1.0 8v;1991;8394;FALSE;['Sensor de lluvia', 'Cámara de estacionamiento', 'Frenos ABS', 'Control de estabilidad', 'Pantalla multimedia', 'Control de tracción', 'Techo panorámico', 'Sensor crepuscular'];15262.00
Range Rover Sport;Motor 1.0 8v;1997;41498;FALSE;['Sensor de estacionamiento', 'Cámara de estacionamiento', 'Frenos ABS', 'Bancos de cuero', 'Aire acondicionado', '4 X 4', 'Tablero digital', 'Piloto automático'];24096.35
DS3;Motor 1.8 16v;2000;116002;FALSE;['Control de estabilidad', 'Aire acondicionado', 'Cambio automático', 'Frenos ABS', 'Sensor de lluvia', '4 X 4', 'Sensor de estacionamiento', 'Cerraduras eléctricas'];10911.84
Veracruz;Motor Diesel V8;2007;100858;FALSE;['Control de estabilidad', 'Cámara de estacionamiento', 'Cerraduras eléctricas', 'Pantalla multimedia', '4 X 4', 'Techo panorámico', 'Sensor de estacionamiento', 'Piloto automático'];18591.53
"Cadillac CTS coupe, sedan, and wagon";Motor V8;2006;67475;FALSE;['Sensor de lluvia', 'Sensor de estacionamiento', 'Control de estabilidad', 'Techo panorámico', 'Sensor crepuscular', 'Bancos de cuero', 'Cerraduras eléctricas', 'Tablero digital'];-999999.00
i30 CW;Motor Diesel;2015;8497;FALSE;['Sensor de lluvia', 'Vidrios eléctricos', 'Control de estabilidad', 'Sensor crepuscular', 'Techo panorámico', 'Tablero digital', 'Cerraduras eléctricas', 'Frenos ABS'];14662.35
Phantom III;Motor Diesel V6;2008;4420;FALSE;['Vidrios eléctricos', 'Bancos de cuero', 'Piloto automático', 'Aire acondicionado', 'Cerraduras eléctricas', 'Tablero digital', 'Techo panorámico', 'Control de tracción'];13027.61
A3 Sedan;Motor V6;2020;;TRUE;['Aire acondicionado', 'Sensor de lluvia', 'Cerraduras eléctricas', 'Vidrios eléctricos', '4 X 4', 'Techo panorámico', 'Cámara de estacionamiento', 'Piloto automático'];18028.29
Aston Martin DB9 Volante;Motor 2.0 16v;1996;58537;FALSE;['Pantalla multimedia', 'Bancos de cuero', 'Cámara de estacionamiento', 'Cerraduras eléctricas', 'Llantas de aleación', 'Tablero digital', 'Techo panorámico', 'Vidrios eléctricos'];14232.07
Serie 7 Sedan;Motor Diesel;2020;;TRUE;['Vidrios eléctricos', 'Cerraduras eléctricas', 'Llantas de aleación', 'Control de estabilidad', 'Sensor crepuscular', 'Cambio automático', 'Frenos ABS', 'Aire acondicionado'];13507.96
Lamborghini Reventón;Motor 4.0 Turbo;2020;;TRUE;['Control de tracción', 'Aire acondicionado', 'Pantalla multimedia', 'Bancos de cuero', 'Cámara de estacionamiento', 'Cerraduras eléctricas', 'Sensor de lluvia', 'Vidrios eléctricos'];13532.97
Grand Livina;Motor 2.0 16v;2014;112016;FALSE;['Control de tracción', 'Techo panorámico', 'Vidrios eléctricos', '4 X 4', 'Cambio automático', 'Bancos de cuero', 'Tablero digital', 'Sensor de lluvia'];13730.43
V60;Motor Diesel;2004;91840;FALSE;['Llantas de aleación', 'Sensor crepuscular', 'Aire acondicionado', 'Sensor de estacionamiento', 'Bancos de cuero', 'Cambio automático', 'Pantalla multimedia', 'Techo panorámico'];22945.75
Effa Hafei Picape Cabine Dupla;Motor V6;2008;112787;FALSE;['Sensor crepuscular', 'Control de tracción', 'Bancos de cuero', 'Vidrios eléctricos', 'Tablero digital', 'Piloto automático', 'Llantas de aleación', 'Techo panorámico'];28329.02
Benni Mini;Motor V8;2020;;TRUE;['Sensor crepuscular', 'Cambio automático', 'Cámara de estacionamiento', 'Frenos ABS', 'Sensor de lluvia', 'Control de estabilidad', 'Tablero digital', 'Sensor de estacionamiento'];25249.57
Uno;Motor Diesel V6;2020;;TRUE;['Pantalla multimedia', 'Sensor crepuscular', 'Control de estabilidad', 'Aire acondicionado', 'Frenos ABS', 'Control de tracción', 'Techo panorámico', 'Cambio automático'];-999999.00
L200 Savana;Motor 2.0 16v;2012;9293;FALSE;['Sensor de lluvia', 'Vidrios eléctricos', 'Tablero digital', 'Techo panorámico', 'Control de tracción', 'Cambio automático', 'Pantalla multimedia', 'Sensor de estacionamiento'];26476.95
Santa Fe;Motor 3.0 32v;2020;;TRUE;['Cerraduras eléctricas', 'Aire acondicionado', '4 X 4', 'Llantas de aleación', 'Cambio automático', 'Sensor de estacionamiento', 'Pantalla multimedia', 'Frenos ABS'];25883.07
RS5;Motor V6;1996;55083;FALSE;['Tablero digital', 'Cambio automático', 'Vidrios eléctricos', 'Cámara de estacionamiento', 'Bancos de cuero', 'Control de tracción', 'Aire acondicionado', 'Pantalla multimedia'];-999999.00
Cerato;Motor V6;2011;48796;FALSE;['Sensor de estacionamiento', 'Cámara de estacionamiento', 'Frenos ABS', 'Vidrios eléctricos', 'Control de estabilidad', 'Cambio automático', 'Control de tracción', 'Bancos de cuero'];17595.06
XC60;Motor 4.0 Turbo;2020;;TRUE;['Tablero digital', 'Piloto automático', 'Pantalla multimedia', 'Control de tracción', 'Cerraduras eléctricas', 'Llantas de aleación', 'Control de estabilidad', '4 X 4'];15535.16
LS 460L;Motor Diesel V8;2010;89685;FALSE;['Llantas de aleación', 'Frenos ABS', 'Control de tracción', 'Cambio automático', 'Cámara de estacionamiento', '4 X 4', 'Tablero digital', 'Cerraduras eléctricas'];11776.33
Lamborghini Sesto Elemento;Motor V8;2007;85384;FALSE;['Sensor crepuscular', 'Frenos ABS', 'Aire acondicionado', 'Tablero digital', 'Cerraduras eléctricas', 'Bancos de cuero', 'Sensor de estacionamiento', '4 X 4'];11016.40
Lamborghini Huracán;Motor V8;1994;98108;FALSE;['Sensor de lluvia', 'Sensor de estacionamiento', 'Cámara de estacionamiento', 'Bancos de cuero', 'Llantas de aleación', '4 X 4', 'Cambio automático', 'Vidrios eléctricos'];23765.29
A7;Motor 1.0 8v;2007;71280;FALSE;['Sensor de lluvia', 'Vidrios eléctricos', 'Sensor crepuscular', '4 X 4', 'Cambio automático', 'Control de tracción', 'Bancos de cuero', 'Tablero digital'];27525.52
Phantom 2013;Motor V8;2014;27505;FALSE;['Control de estabilidad', 'Piloto automático', 'Cambio automático', 'Cámara de estacionamiento', 'Control de tracción', 'Techo panorámico', 'Tablero digital', 'Aire acondicionado'];10351.92
Cadillac Ciel concept;Motor V8;1991;29981;FALSE;['Bancos de cuero', 'Tablero digital', 'Sensor de lluvia', 'Cerraduras eléctricas', 'Sensor de estacionamiento', 'Vidrios eléctricos', 'Llantas de aleación', 'Piloto automático'];10333.41
Clase GLK;Motor 5.0 V8 Bi-Turbo;2002;52637;FALSE;['Llantas de aleación', 'Control de tracción', 'Cambio automático', 'Techo panorámico', 'Aire acondicionado', '4 X 4', 'Pantalla multimedia', 'Sensor crepuscular'];13786.81
Aston Martin DB5;Motor Diesel;1996;7685;FALSE;['Aire acondicionado', '4 X 4', 'Cambio automático', 'Frenos ABS', 'Control de tracción', 'Cámara de estacionamiento', 'Tablero digital', 'Pantalla multimedia'];24422.18
Macan;Motor Diesel V6;1992;50188;FALSE;['Pantalla multimedia', 'Techo panorámico', 'Vidrios eléctricos', 'Control de tracción', 'Llantas de aleación', 'Frenos ABS', 'Cámara de estacionamiento', 'Cerraduras eléctricas'];18076.29